id,username,tx,ty,tz,listeningTo,afk,description
d3984e38-771a-43b9-acd9-96e62e45cc97,User_d3984,-2.9225480556488037,-2.5243160724639893,0.16693459451198578,[],,
